module_path,class,reason,sqlite_tables,uses_w14_ontology,depends_on,migration_priority
sylion/aeis,A,"Self-* AEIS layer (autonomy_controller, evolution_tracker, self_evolution, self_healing_orchestrator, integration_controller, self_limitation, self_observation, self_preservation, self_explanation, evidence_pack, adaptation_engine, explanation_engine, improvement_queue, autonomy_stages) — 14 SQLite-backed modules. Each tracks its OWN internal lifecycle/limit/healing state. Tables are platform-runtime (autonomy_state, evolution_steps, healing_sessions, sylion_rate_events) — not domain payload other modules query. The published Evidence Pack lives in sylion/governance/evidence_spine + sylion/aeis/evidence_pack stays as a writer adapter. Stays as-is; W15 OSDK is consumed FROM here, not OF here.","autonomy_state;autonomy_gate_checks;autonomy_actions;sandbox_executions;sandbox_side_effects;limited_prod_executions;limited_prod_escalations;limited_prod_rate_tracker;evolution_proposals;evolution_steps;evolution_results;evolution_events;adaptations;feedback_signals;adaptation_rules;evidence_packs;evidence_items;sylion_explanation_templates;sylion_explanations;explanations;explanation_validations;sylion_rate_policies;sylion_rate_events;sylion_named_policies;sylion_named_violations;observations;observation_aggregates;preservation_state;health_checks;healing_rules;healing_sessions;improvements;integrations;integration_events;integration_health;integration_stages",false,"sylion/governance;sylion/cognitive;sylion/core/event_bus","P2"
sylion/aeis/advisor,B,"Advisor (W13) — 13 sub-services (engine, funding, history, mobile_gateway, orchestration_config, preferences, pricing, role_resolver, scaling, subscription, variants, actions, events) already on PostgreSQL via dedicated `advisor_layer.sql` schemas (advisor_engine, advisor_funding, advisor_history, advisor_pricing, advisor_preferences, advisor_actions, advisor_outbound, advisor_subscription, advisor_scaling, advisor_orchestration, advisor_evidence, advisor_events). Heavy CRUD on AdvisorCard / Recommendation / FundingMatch / PreferenceKey — perfect OSDK candidates. Already half-way to W15 (PG done, schemas defined).","advisor_engine.recommendations;advisor_engine.llm_judge_audit;advisor_engine.rule_definitions;advisor_engine.rule_firing_history;advisor_history.card_actions;advisor_history.learning_signals;advisor_pricing.providers;advisor_pricing.provider_models;advisor_pricing.pricing_tables;advisor_pricing.pricing_history;advisor_preferences.project_domain_catalog;advisor_preferences.project_type_catalog;advisor_preferences.preference_key_catalog;advisor_preferences.preferences;advisor_preferences.preferences_audit;advisor_actions.action_routes_audit;advisor_subscription.usage_metrics;advisor_subscription.subscription_plans;advisor_subscription.roi_calculations;advisor_subscription.active_subscriptions;advisor_subscription.quota_usage;advisor_scaling.env_inventory;advisor_scaling.topology_history;advisor_funding.companies;advisor_funding.company_persons;advisor_funding.grant_programs;advisor_funding.scoring_components;advisor_funding.scoring_profiles;advisor_funding.scoring_history;advisor_funding.consortium_pool;advisor_funding.research_logs;advisor_evidence.evidence_packs;advisor_evidence.evidence_pack_signatures;advisor_outbound.adapters_config;advisor_outbound.dispatch_rules;advisor_outbound.dispatches;advisor_events.proto_registry;advisor_events.events;advisor_events.validation_failures;advisor_orchestration.config_kv;advisor_orchestration.test_catalog;advisor_orchestration.team_formation_rules;advisor_orchestration.active_teams;advisor_orchestration.llm_judge_routing;advisor_orchestration.council_rules;advisor_orchestration.auditor_cadence;advisor_orchestration.fixer_protocol;advisor_orchestration.dispatch_config;advisor_orchestration.event_map_cache;advisor_orchestration.inter_model_conversations",false,"sylion/cognitive;sylion/governance/council_hybrid;sylion/governance/human_gate;sylion/governance/evidence_spine","P0"
sylion/aeis/testing,B,"W14 Testing — DIRECTLY targeted by §6.3 lift to W15 (25 ontology objects manifested as YAML, SQLite -> PG, 10-step migration with rollback). Every submodule (charter, findings, agent_theater, auto_repair_controller, loop_governor, merge_guard, release_rail, self_audit, simulation/, branches/, personas/, guardians/, demo_projects/, actions/, ontology/, memory.py) imports from `aeis.testing.ontology.objects` and `aeis.testing.ontology.store`. This is THE canonical Class B example.","w14_requirements;w14_test_charters;w14_test_plans;w14_test_suites;w14_test_cases;w14_evaluation_suites;w14_test_runs;w14_regression_runs;w14_findings;w14_patch_proposals;w14_repair_attempts;w14_loop_reports;w14_guardian_alerts;w14_simulation_contracts;w14_simulation_branches;w14_simulation_evidence;w14_human_personas;w14_human_scenarios;w14_human_error_injections;w14_human_decision_traces;w14_human_near_misses;w14_branches;w14_release_candidates;w14_release_decisions;w14_release_readiness_reports;w14_testing_relations;w14_testing_history;w14_lessons;w14_root_causes;w14_flaky_patterns;w14_anti_patterns",true,"sylion/governance/human_gate;sylion/governance/council_hybrid;sylion/governance/evidence_spine;sylion/core/event_bus;sylion/aeis/advisor","P0"
sylion/aeis_v2,C,"Empty placeholder (only __pycache__ subdirs for ontology/apps/deployment/terminal). This IS the v2 namespace into which W15-W18 will land. Currently no code, no manifests, no schemas — formally deprecated as a v1 module (becomes the W15 home).",,false,"","P2"
sylion/api,B,"103 *_routes.py files — almost every router queries domain objects (idea_vault, council, advisor, projects, governance, testing). Routes are thin wrappers over service-layer modules; once W15 generates REST + Python OSDK from manifests, ~70% of these routes become auto-generated. Backbone routes (auth_routes, health_routes, ws_routes, rbac_enforcement, rate_limit, router.py, app.py) stay; entity CRUD routes (idea_routes, projects_routes, council_routes, advisor_routes, testing_routes, etc.) refactor to use OSDK or get auto-generated.",,true,"sylion/cognitive/idea_vault;sylion/governance/council_hybrid;sylion/aeis/advisor;sylion/aeis/testing;sylion/project_mode;sylion/funding_autopilot","P0"
sylion/autonomy,A,"Single-file module (stage_machine.py) holding 2 SQLite tables (autonomy_phase_state, autonomy_transitions). Internal state machine for autonomy phase transitions — used only by sylion/aeis. Not a domain object exposed to other layers. Stays.","autonomy_phase_state;autonomy_transitions",false,"sylion/aeis;sylion/governance","P2"
sylion/cellular,A,"7-file lab toolkit (attack_vectors, control_plane, core_network, evidence_writer, ran_lab, rf_isolation, ue_emulator) — each owns one tiny SQLite table for cellular/RAN test artifacts. Domain (cellular_evidence, ue_devices, attack_vectors) is unrelated to AEIS ontology and won't be queried via OSDK by other layers. Pure standalone test-rig domain — leave it as-is.","ue_devices;isolation_checks;core_networks;attack_vectors;cellular_evidence;cp_analyses;ran_stacks",false,"sylion/sdr","P2"
sylion/cognitive,B,"Heart of the cognitive stack — 21 modules with 30+ SQLite tables for first-class domain objects every other layer queries: ideas/idea_attachments/idea_lifecycle_log, chat_sessions/messages/attachments, evaluation_criteria/evaluations/evaluation_results, knowledge_entries/sources/links, feedback_categories/items/responses/ratings, registered_models/agents/runtime, plans/tasks, prompt_templates/versions, llm_calls, hallucination_checks/patterns. idea_vault alone is 973 LOC with 4 tables and is referenced by 55+ files. THE flagship Class B target — once OSDK exists, this is what powers W18 Operator Terminal and most W16 apps.","ideas;idea_tags;idea_votes;idea_lifecycle_log;idea_attachments;chat_sessions;chat_messages;chat_attachments;code_operations;registered_agents;agent_executions;agent_logs;hallucination_checks;hallucination_patterns;knowledge_entries;knowledge_sources;knowledge_links;feedback_categories;feedback_items;feedback_responses;feedback_ratings;reasoning_chains;model_metrics;model_summaries;model_leaderboard;sylion_models;sylion_model_usage;registered_models;model_capabilities;model_performance_snapshots;evaluation_criteria;evaluations;evaluation_results;sylion_evaluations;sylion_evaluation_criteria;llm_calls;prompt_templates;prompt_template_versions;plans;tasks",false,"sylion/governance;sylion/aeis/advisor;sylion/memory","P0"
sylion/cognitive/council,A,"Single voting.py + __init__.py — pure algorithmic helpers (Borda/weighted vote math). No tables, no router, no ontology dependency. Stays as a math util.",,false,"sylion/governance/council_hybrid","P2"
sylion/container,A,"Single docker_manager.py with 4 SQLite tables for container/k8s metadata (docker_containers, docker_images, k8s_pods, k8s_deployments). Infra-domain that overlaps W17 Deployment Plane scope, but the in-process lib stays — W17 will consume it via gRPC. Mark A; revisit at W17 G1.","docker_containers;docker_images;k8s_pods;k8s_deployments",false,"","P2"
sylion/contracts,A,"Schema-registry tooling: dependency_graph, version_tracker, stub_manager, freeze_manager, generate_manifests, generate_stubs, event_validator, compatibility_checker — all build-time/CI. 3 small SQLite tables (sylion_dependencies, sylion_stub_registry, sylion_versions) are local indexes, not domain data. This module IS the meta-layer that W15 will largely replace, but until W15 G2 lands the existing tooling stays.","sylion_dependencies;sylion_stub_registry;sylion_versions",false,"sylion/core/manifest_loader","P2"
sylion/core,A,"21 infrastructure modules: event_bus, event_backbone, nats_event_bus, manifest_loader, module_registry, lifecycle_gates, hot_swap, rollback_manager, version_manager, pipeline_controller, pipeline_config, build_state, code_snapshot, contract_registry, environment_orchestrator, evidence_spine, dependency_mapper, decision_gate_engine, health_monitor, bundle_assembler, auto_register. These are platform plumbing — event bus and registries underpin everything but aren't domain objects. Their tables (sylion_events, sylion_modules, decision_records, evidence_spine, lifecycle_stages) are runtime metadata. Stays unchanged; W15 sits on top of core, not inside it.","sylion_events;sylion_modules;sylion_dependencies;sylion_versions;sylion_environments;sylion_env_switch_log;sylion_env_meta;sylion_heartbeat_log;sylion_health_thresholds;decision_records;gate_definitions;evidence_spine;lifecycle_stages;stage_gates;gate_evaluations;contracts;contract_versions;contract_bindings;bundles;bundle_components;bundle_versions;dependency_edges;dependency_graphs;code_snapshots;snapshot_diffs;pipeline_configs;config_versions;config_validations;pipeline_runs;rollback_contracts;rb_points;rb_operations;rb_op_steps;swap_candidates;swap_operations;swap_results;versions;version_dependencies;version_changelog",false,"","P2"
sylion/db,C,"Migration / pool plumbing: migration.py, pg_migration.py, pg_migration_worker.py, pool.py, advisor_layer.sql, migrations/0001_w14_ontology.py. Once W15 owns the manifest-driven DDL (auto-generates tables from YAML), this hand-written migration scaffolding is the canonical example of duplicated functionality. The pool helpers stay (or move into W15 storage engine), the ad-hoc CREATE TABLE migrations get deleted in favor of W15 manifest-driven DDL.","modules;module_events;evidence_entries;decisions;council_sessions;council_votes;evidence_packs;evidence_artefacts;contracts;agents;skills;runs;audit_log;sylion_migrations;w14_*",true,"sylion/aeis/testing;sylion/governance;sylion/cognitive","P0"
sylion/demo/factory_automation_panel,B,"Demo app for Factory Automation — 5 tables (factory_cabinets, factory_iomaps, factory_estops, factory_uploads, factory_interlocks) + own router + service. EXACTLY the kind of operational app W16 Apps Builder is meant to define declaratively from a manifest. Refactor target post-W16 G2.","factory_cabinets;factory_iomaps;factory_estops;factory_uploads;factory_interlocks",false,"sylion/cognitive/idea_vault","P1"
sylion/demo/funding_pipeline_tracker,B,"Demo app — 4 tables (funding_applications, funding_attachments, funding_signatures, funding_submissions). Overlaps with sylion/funding_autopilot (which already owns funding_applications). One of these duplicates either becomes a W16 app or is deprecated.","funding_applications;funding_attachments;funding_signatures;funding_submissions",false,"sylion/funding_autopilot","P1"
sylion/demo/mobile_field_inspector,B,"Demo app — 4 tables (field_inspections, field_photos, field_signatures, field_offline_queue) + offline-capable mobile UX. Strong W16 app candidate (objects + workflow + automation manifest). Imports W14 ontology in __init__ (keeps ontology=true tag).","field_inspections;field_photos;field_signatures;field_offline_queue",true,"sylion/aeis/testing/ontology","P1"
sylion/demo/operator_crm,B,"Demo CRM app — 3 tables (crm_contacts, crm_project_links, crm_audit_log). Trivial W16 ObjectListView + ObjectFormEditor app. Refactor post-W16 G2.","crm_contacts;crm_project_links;crm_audit_log",false,"sylion/cognitive/idea_vault","P1"
sylion/demo/public_project_showcase,B,"Demo portal — 3 tables (portal_projects, portal_comments, portal_submissions). Public-read object app — W16 candidate.","portal_projects;portal_comments;portal_submissions",false,"sylion/cognitive/idea_vault","P1"
sylion/demo/skills_marketplace,B,"Demo marketplace — 4 tables (marketplace_skills, marketplace_dependencies, marketplace_scans, marketplace_reviews). Cross-cuts sylion/skills (which owns skills/executions). Likely W16 manifest app reading from /sylion/skills via OSDK.","marketplace_skills;marketplace_dependencies;marketplace_scans;marketplace_reviews",false,"sylion/skills","P1"
sylion/devices,A,"Hardware lab toolkit (artifact_deployer, device_discovery, device_registry, test_harness) — 4 small tables for device fleet metadata. Domain orthogonal to AEIS ontology; mostly used by W14 hardware-lane testing scenarios. Stays standalone.","device_tests;discovered_devices;devices;deployments",false,"sylion/sdr","P2"
sylion/efficiency,A,"8 self-introspection helpers (circuit_breaker, code_bloat, config_drift, cost_envelope, cost_monitor, memory_footprint, performance_budget, runtime_perf). Each owns 1-2 SQLite tables of telemetry. Pure platform observability — no domain payload. Stays.","sylion_circuits;sylion_config_baselines;sylion_config_drift_events;cost_records;cost_budgets;cost_alerts;module_metrics;bloat_history;memory_snapshots;memory_budgets;performance_budgets;performance_measurements;perf_measurements;slo_definitions",false,"sylion/observability","P2"
sylion/execution,A,"11 modules: adapter_bus, capacity_planner, connector_framework, deployment_orchestrator, execution_planner, job_runner, retry_orchestrator, task_scheduler, tool_registry, tool_runner, workflow_engine. Owns 25+ tables but they are all execution-runtime (jobs, workflows, retries, tools). These tables aren't queried from outside execution layer; they support the orchestrator. Stays unchanged; W15 will not lift workflow internals (decision: §3.3 / §6.2 W15 scope OUT for non-domain plumbing).","adapters;adapter_routes;adapter_logs;resource_usage;capacity_forecasts;connectors;connector_configs;connector_health;execution_plans;plan_steps;plan_dependencies;deployments;deployment_steps;retry_policies;retry_attempts;dead_letter_queue;jobs;sylion_tools;tools;tool_executions;scheduled_tasks;task_executions;task_dependencies;workflows;workflow_runs",false,"sylion/core/event_bus","P2"
sylion/funding_autopilot,B,"14 tables (funding_company_profiles, funding_company_documents, funding_programmes, funding_calls, funding_ideas, funding_projects, funding_matches, funding_partner_candidates, funding_outreach_messages, funding_applications, funding_submission_sessions, funding_approval_events, funding_alerts, funding_audit_events) + own router + service + governance bridge. Pure CRUD domain (FundingProgramme/Call/Idea/Match/Application objects). Top OSDK candidate alongside idea_vault and council. Note duplication with sylion/aeis/advisor/funding (advisor_funding.* tables) — should converge in W15.","funding_company_profiles;funding_company_documents;funding_programmes;funding_calls;funding_ideas;funding_projects;funding_matches;funding_partner_candidates;funding_outreach_messages;funding_applications;funding_submission_sessions;funding_approval_events;funding_alerts;funding_audit_events",false,"sylion/aeis/advisor;sylion/governance/human_gate;sylion/cognitive/idea_vault","P0"
sylion/governance,B,"30 modules covering Decision Gates, Human Gate, Council Hybrid, Compliance, Conflict Resolution, Evidence Spine, Policy Engine, Roles, Tickets, Rollback, Risk Scorer, Cascade Analyzer, Change Proposal/Merger. council_hybrid alone is 1123 LOC with 6 tables. These ARE the domain objects (CouncilSession, ParticipantVote, HumanGateRequest, Ticket, Policy, Risk Score) that W14 ontology cross-links to and W15 must expose via OSDK. Council/HG already have W14 wiring (council_session_id, hg_ticket_id on ReleaseDecision). Top P0 along with cognitive and aeis/testing.","cascade_analyses;cascade_paths;merge_requests;merge_conflicts;merge_resolutions;decision_proposals;decision_snapshots;snapshot_factors;cascade_events;sylion_decision_gates;sylion_gate_evaluations;sylion_approval_requests;sylion_approval_votes;compliance_rules;compliance_checks;compliance_reports;spine_entries;evidence_packs;evidence_packs_v2;evidence_artefacts_v2;timelines;timeline_events;governance_gates;gate_evaluations;decision_boundaries;boundary_evaluations;human_gate_requests;human_gate_reviews;hg_sessions;hg_decision_nodes;compliance_policies;sylion_policies;sylion_policy_history;decision_audit_log;policies;policy_applications;change_proposals;proposal_reviews;policy_evaluations;policy_exceptions;hybrid_council_sessions;model_analyses;discussion_rounds;council_participants;council_critic_signatures;council_sentinel_evaluations;roles;role_permissions;role_assignments;agents;rollback_points;rollback_operations;council_sessions;council_votes;risk_scores;risk_thresholds;governance_tickets;governance_ticket_events;decision_conflicts;conflict_records;conflict_rules;explanation_templates;explanation_validations",false,"sylion/cognitive;sylion/core/event_bus;sylion/aeis/testing","P0"
sylion/grpc,A,"6 gRPC server entrypoints (aeis_server, cognitive_server, core_server, eventbus_server, execution_server, governance_server). Pure transport adapters. Replaced/extended by W15 OSDK gRPC, but until then stays.",,false,"sylion/grpc_stubs","P2"
sylion/grpc_stubs,A,"Auto-generated *_pb2.py / *_pb2_grpc.py files. Generated from sylion/contracts/proto/. Stays — W15 will generate its own stubs from manifests; existing stubs are independent.",,false,"sylion/contracts","P2"
sylion/infra,A,"Two helpers: cache.py and topology_templates.py. No tables, no router. Pure utility. Stays.",,false,"","P2"
sylion/integration,A,"orchestrator.py + drift_detector.py — 3 tables (candidate_builds, integration_results, drift_records) for build/integration tracking. Platform plumbing similar to execution; not domain. Stays.","candidate_builds;integration_results;drift_records",false,"sylion/core/event_bus","P2"
sylion/memory,A,"10 modules: book_generator, compact_layer, evidence_store, indexer, kanon_access, kb_adapter, self_model_store, retrieval, bootstrap. Tables are storage-layer caches/indexes/snapshots — text_index, compaction_records, stored_evidence, model_snapshots. The book/kanon entities are read-mostly artifact stores serving Cognitive — stays as a memory/index sublayer beneath W15. Domain payload (Idea, EvidencePack) is owned by cognitive/governance, not by memory.","generated_books;book_chapters;compaction_records;stored_evidence;evidence_queries;text_index;index_metadata;kanon_sections;kb_sources;kb_queries;self_models;model_snapshots",false,"sylion/cognitive;sylion/governance/evidence_spine","P2"
sylion/monitoring,A,"11 telemetry modules (anomaly_detector, circuit_breaker, config_drift_detector, metric_aggregator, model_budget, model_performance, notification_engine, pipeline_monitor, self_healing, sla_monitor). 20+ tables but all platform-observability data (metric_points, observations, anomalies, sla_breaches, healing_incidents, breaker_events). Not domain payload. Stays — and is what W15/W17 query for health, not what gets lifted.","metric_points;metric_aggregates;model_metrics;model_performance_summary;circuit_breakers;breaker_events;notification_channels;notification_rules;notifications;notification_log;notification_preferences;notification_user_channels;config_baselines;drift_reports;pipeline_runs;pipeline_metrics;pipeline_alerts;healing_rules;healing_incidents;healing_actions;observations;metric_baselines;anomalies;model_budgets;budget_usage;budget_alerts;sla_definitions;sla_checks;sla_breaches",false,"sylion/observability;sylion/core/event_bus","P2"
sylion/observability,A,"6-file telemetry hub (hub, log_aggregator, metrics_registry, pii_redactor, prometheus_exporter, tracing). No SQLite tables of its own (uses Prometheus / external sinks). Pure platform. Stays.",,false,"","P2"
sylion/operator_mobile,A,"Tiny module (bridge, dispatcher, secrets, store) with 1 table (operator_mobile_devices). Mobile gateway scaffold — will gain weight when W18 Operator Terminal lands. Currently small and standalone enough to stay; revisit at W18 charter.","operator_mobile_devices",false,"sylion/security","P2"
sylion/pipeline,A,"Single state_machine.py with 2 SQLite tables (pipeline_run_states, pipeline_state_log). Platform plumbing for pipeline state transitions. Stays.","pipeline_run_states;pipeline_state_log",false,"sylion/core","P2"
sylion/project_mode,B,"23 SQLite tables in store.py + engine.py — Projects/Stages/Questions/Answers/Decisions/CanonEntries/Masterplans/Modules/Events/WorkerPool/CouncilMembers/CouncilVotes/HierarchyLayers/AutonomyConfig/AuditResults/CostLedger/Notifications/SkillReuseLog/BrainMemoryEntries/BrainEmbeddings/BrainPromptLibrary/BrainLoraDatasets/BrainLoraAdapters. This is the second-biggest single-store module in the codebase (134 references). Pure first-class domain — Project / Stage / Decision are core W15 objects.","project_projects;project_stages;project_questions;project_answers;project_decisions;project_canon_entries;project_masterplans;project_modules;project_events;project_worker_pool;project_council_members;project_council_votes;project_hierarchy_layers;project_autonomy_config;project_audit_results;project_cost_ledger;project_notifications;project_skill_reuse_log;brain_memory_entries;brain_embeddings;brain_prompt_library;brain_lora_datasets;brain_lora_adapters",false,"sylion/cognitive/idea_vault;sylion/governance/council_hybrid;sylion/aeis/advisor;sylion/memory","P0"
sylion/quality,C,"6 modules (golden_set_registry, golden_set_runner, quality_gate, quality_gate_engine, regression_detector, test_runner) with 12 tables. golden_sets / golden_run_results / regression_alerts / test_suites / test_runs ALL have W14 ontology counterparts (EvaluationSuite, RegressionRun, TestSuite, TestRun, GoldenSet semantics). DUPLICATION CANDIDATE: post-W15 G3 (W14→W15 lift) the W14 ontology becomes single source of truth and these modules collapse into thin wrappers OR get deleted, with quality gate logic moving into sylion/aeis/testing. Top deprecation candidate alongside sim and db migrations.","golden_sets;golden_set_cases;golden_set_results;baselines;regression_alerts;test_suites;test_runs;golden_runs;golden_run_results;sylion_quality_gates;sylion_quality_results;quality_gates;gate_evaluations",true,"sylion/aeis/testing","P1"
sylion/rebuild,A,"8 modules (cft_runner, cutover_automation, cutover_controller, golden_set_manager, lpw_checkpoint, lpw_manager, orchestrator, rebuildability_framework) — 17 tables tracking cutover sessions and rebuild plans/snapshots. Rebuild governance is platform-runtime (LPW versions, snapshots, fidelity_results) — internal to the rebuildability subsystem. Some overlap with W14 ReleaseCandidate semantics but the cutover sequencing is operational, not data-modeled. Stays — W17 Deployment Plane will consume rebuild, not absorb it.","lpw_versions;lpw_snapshots;cft_suites;cft_results;lpw_checkpoints;cutover_sessions;rollback_contracts;cutover_metrics_log;rebuild_snapshots;rebuild_history;rebuild_plans;golden_sets;golden_test_cases;fidelity_results;cutover_plans;cutover_events;rebuild_steps",false,"sylion/aeis/testing;sylion/governance;sylion/quality","P2"
sylion/sdr,A,"5 RF/SDR modules (capture_orchestrator, protocol_decoder, rf_safety_governor, sdr_gateway, signal_analyzer) — 6 tables for hardware lab telemetry. Standalone domain orthogonal to AEIS ontology. Stays.","analysis_results;sdr_devices;rf_policies;rf_events;decoded_protocols;captures",false,"sylion/devices","P2"
sylion/security,A,"24 modules (audit_query, audit_sink, audit_trail_aggregator, auth_provider, bootstrap_flow, bootstrap_init, evidence_signer, evidence_signer_v2, execution_guard, hardened_audit, key_store_unified, key_vault, phantom_wrapper, policy_engine, profile_manager, profile_swap, profile_unified, profiles, rbac, secret_provider, security_audit, security_profiles, session_broker, session_manager, sops_provider, startup_check). 30+ tables but all platform/security-runtime (auth_users, sessions, security_events, audit_log, keystore_entries, secrets). Per §2 v2 plan, security plane is out of W15 scope (deferred to potential W19). Stays unchanged; W15 OSDK does not lift API keys, sessions, or audit trail.","auth_providers;auth_users;auth_sessions;auth_tokens;sink_audit_log;sink_subscriptions;sink_deliveries;audit_entries;audit_queries;bootstrap_flows;flow_steps;flow_executions;bootstrap_state;execution_policies;execution_approvals;execution_log;keystore_entries;keystore_audit;phantom_sessions;phantom_operations;signing_keys;signed_evidence;policies;policy_evaluations;api_keys;model_hierarchies;council_member_configs;hardened_audit_log;audit_chains;security_profiles;profile_rules;active_profile_state;module_profile_assignments;profile_audit_trail;user_accounts;sessions;audit_events;secrets;secret_versions;secret_access_log;managed_sessions;profile_swaps;swap_audit;security_findings;security_scans;remediation_actions;security_events;security_alerts;security_access_log",false,"","P2"
sylion/sim,C,"_db_shim.py duplicates 6 advisor_engine tables in flat (non-schema-qualified) names for sim/test fixtures. runner.py + scenarios.py + personas.py heavily overlap aeis/testing/personas + simulation engine. After W15 there is one canonical PG schema for advisor objects + W14 test ontology — this shim/runner should be deleted, scenarios consolidated into aeis/testing/simulation. Top deprecation candidate.","advisor_engine_recommendations;advisor_engine_llm_judge_audit;advisor_engine_rule_definitions;advisor_engine_rule_firing_history;advisor_evidence_packs;advisor_evidence_pack_signatures",true,"sylion/aeis/advisor;sylion/aeis/testing","P1"
sylion/skills,B,"7 modules (catalog, demand_analyzer, demand_signal, executor, registry, runtime, schemas) with 8 tables. Domain (Skill, DemandSignal, SkillExecution, MarketplaceCatalogEntry) is exactly the W7 Skills Registry surface and is targeted by §8.2 Role Catalog extension. Lift to OSDK; W15 manifest replaces hand-written CREATE TABLEs.","skills;catalog_entries;executions;runtime_executions;demand_signals;demand_reports;sylion_demand_signals;sylion_skill_demand",false,"sylion/cognitive;sylion/aeis/advisor","P0"
sylion/surface,A,"Console UI/API surface (artifact_control, command_bus, console_api, console_ui, event_sourcing_store, process_canvas, readiness_engine, ws_gateway). Surface CONSUMES domain objects from cognitive/governance/advisor — its tables (intents, artifacts, canvases, ws_connections, event_stream) are operator-side platform state (commands issued, artifacts uploaded, sockets open). W18 Operator Terminal extends surface but doesn't lift these tables. Stays; W18 reads from W15 OSDK rather than rewriting surface.","intents;intent_events;ui_components;ui_layouts;api_endpoints;api_requests;ws_connections;ws_messages;artifacts;upload_sessions;event_stream;event_log;snapshots;canvases;canvas_nodes;canvas_edges;readiness_checks_registry;readiness_reports;readiness_check_results",false,"sylion/cognitive;sylion/aeis/advisor;sylion/aeis/testing","P2"
sylion/vps,A,"Single provider_manager.py with 4 tables (vps_providers, vps_allocations, vps_certifications, vps_health_probes). VPS-fleet metadata; will be subsumed/extended by W17 Deployment Plane Node Registry, but until W17 G2 stays as-is (W17 will likely consume it via gRPC, not absorb the module).","vps_providers;vps_allocations;vps_certifications;vps_health_probes",false,"sylion/security","P2"
sylion/worker,A,"7 modules (assignment, autoscaler, compact, monitor, registry, runtime, sandbox) with 3 tables (worker_registry, worker_assignments, build_topology). Pure runtime worker pool — platform infra. Stays.","worker_registry;worker_assignments;build_topology",false,"sylion/core","P2"
